{
    "camera_matrix": [
        [
            2662.672211231469,
            0.0,
            2764.1213417920317
        ],
        [
            0.0,
            2661.2867040474875,
            2456.7584386986955
        ],
        [
            0.0,
            0.0,
            1.0
        ]
    ],
    "dist_coeff": [
        [
            1.6424593013167272,
            23.831864543936476,
            0.002925721490595331,
            -0.002188233349939999,
            -26.411742460800795,
            1.5684168472535491,
            23.946368191910743,
            -26.53709547607312,
            0.0,
            0.0,
            0.0,
            0.0,
            0.0,
            0.0
        ]
    ],
    "image_size": [
        5568,
        4872
    ],
    "rvecs": [
        [
            [
                -0.04625239869412122
            ],
            [
                -0.022283919389976974
            ],
            [
                1.6632561116722817
            ]
        ],
        [
            [
                0.08980118873965394
            ],
            [
                -0.5061204370680444
            ],
            [
                1.4705833519460911
            ]
        ],
        [
            [
                0.10524245742057674
            ],
            [
                -0.17542811648013795
            ],
            [
                1.548772114994793
            ]
        ],
        [
            [
                0.09742077127068033
            ],
            [
                -0.2707641429162946
            ],
            [
                1.4666864565505833
            ]
        ],
        [
            [
                0.38422521758815803
            ],
            [
                -0.5166000794003173
            ],
            [
                1.5741622572463305
            ]
        ],
        [
            [
                0.09236288007951601
            ],
            [
                -0.09582669903509916
            ],
            [
                1.5936781344698827
            ]
        ],
        [
            [
                0.05257550581758631
            ],
            [
                -0.1469888246847503
            ],
            [
                1.528733986112023
            ]
        ],
        [
            [
                0.4655120165811582
            ],
            [
                -0.611526442792977
            ],
            [
                1.5437231612016529
            ]
        ],
        [
            [
                0.026383586462292774
            ],
            [
                -0.057145538015053836
            ],
            [
                1.5503379054669109
            ]
        ],
        [
            [
                0.2989216213058245
            ],
            [
                -0.4382147227847086
            ],
            [
                1.509043805202895
            ]
        ],
        [
            [
                0.17847246223411176
            ],
            [
                -0.05257200102104958
            ],
            [
                1.6768210557419336
            ]
        ],
        [
            [
                0.3764808904135707
            ],
            [
                0.21426305369542073
            ],
            [
                1.4551806990855949
            ]
        ],
        [
            [
                -0.0353249375561243
            ],
            [
                -0.09253655468955306
            ],
            [
                1.6715655230615936
            ]
        ],
        [
            [
                0.576512474538282
            ],
            [
                0.23362278832547428
            ],
            [
                1.028184651325556
            ]
        ],
        [
            [
                0.03256298045689176
            ],
            [
                -0.20871143039474477
            ],
            [
                1.6057815124128934
            ]
        ],
        [
            [
                0.17978632809602282
            ],
            [
                -0.3812624083038055
            ],
            [
                1.568538390863435
            ]
        ],
        [
            [
                0.3904314001846187
            ],
            [
                -0.18629955435706358
            ],
            [
                1.647434672366134
            ]
        ],
        [
            [
                0.31021498177463946
            ],
            [
                -0.36065193034407705
            ],
            [
                1.5636723758642184
            ]
        ],
        [
            [
                -0.16695708454485597
            ],
            [
                0.016007122144317938
            ],
            [
                1.5863931373754667
            ]
        ],
        [
            [
                -0.00013555728456035327
            ],
            [
                -0.06270275873985716
            ],
            [
                1.5306799463079386
            ]
        ],
        [
            [
                0.0828333787446712
            ],
            [
                -0.15218423124173625
            ],
            [
                1.5847144317876272
            ]
        ],
        [
            [
                0.34722654890983906
            ],
            [
                0.031128094017599958
            ],
            [
                1.4145102037960016
            ]
        ],
        [
            [
                0.2614304046586289
            ],
            [
                -0.42255591342522253
            ],
            [
                1.611660856138611
            ]
        ],
        [
            [
                0.5294337125133673
            ],
            [
                -0.21784654538487494
            ],
            [
                1.5085049981951897
            ]
        ],
        [
            [
                -0.09884429999150939
            ],
            [
                -0.40334198176732877
            ],
            [
                1.4420596353785622
            ]
        ],
        [
            [
                0.3633632285364003
            ],
            [
                0.15992933372856352
            ],
            [
                1.4502868473523722
            ]
        ],
        [
            [
                -0.16615966164965196
            ],
            [
                0.11296500528978862
            ],
            [
                1.5124294734510728
            ]
        ],
        [
            [
                0.013409049189435435
            ],
            [
                -0.3336085146129868
            ],
            [
                1.5364801071732905
            ]
        ],
        [
            [
                -0.05812192261477472
            ],
            [
                -0.24031076781085356
            ],
            [
                1.4992740112455207
            ]
        ],
        [
            [
                -0.20613374264978715
            ],
            [
                -0.10638836283833618
            ],
            [
                1.532600363698698
            ]
        ],
        [
            [
                0.08426129026528989
            ],
            [
                -0.08932551583625821
            ],
            [
                1.6652714030816245
            ]
        ],
        [
            [
                -0.024070554970443987
            ],
            [
                -0.4428213056467699
            ],
            [
                1.545868317890361
            ]
        ],
        [
            [
                -0.2294108304900263
            ],
            [
                0.19797634352515792
            ],
            [
                1.5347741413675524
            ]
        ],
        [
            [
                -0.007737873542612059
            ],
            [
                -0.02308222397524085
