{
    "camera_matrix": [
        [
            2666.500167738308,
            0.0,
            2764.430704862039
        ],
        [
            0.0,
            2665.120130429828,
            2456.9250216286478
        ],
        [
            0.0,
            0.0,
            1.0
        ]
    ],
    "dist_coeff": [
        [
            0.04098132538012024,
            -0.1295508911358957,
            0.0029233003251882077,
            -0.0021420485628711977,
            0.12411062201417102
        ]
    ],
    "image_size": [
        5568,
        4872
    ],
    "rvecs": [
        [
            [
                -0.046216307605401366
            ],
            [
                -0.02260762740252167
            ],
            [
                1.663227211145215
            ]
        ],
        [
            [
                0.09027990401771514
            ],
            [
                -0.5063581942537022
            ],
            [
                1.4705196996382905
            ]
        ],
        [
            [
                0.10503971353450296
            ],
            [
                -0.17535413332813354
            ],
            [
                1.548781152203975
            ]
        ],
        [
            [
                0.0989581594828864
            ],
            [
                -0.2706601449353204
            ],
            [
                1.4666177883405762
            ]
        ],
        [
            [
                0.38433514890750964
            ],
            [
                -0.5167113039437665
            ],
            [
                1.5741636675942083
            ]
        ],
        [
            [
                0.09230215782896677
            ],
            [
                -0.09598863889554764
            ],
            [
                1.5936769628788803
            ]
        ],
        [
            [
                0.05245758344631252
            ],
            [
                -0.14712111261821528
            ],
            [
                1.5287353448507317
            ]
        ],
        [
            [
                0.46562898322475527
            ],
            [
                -0.6116633409252502
            ],
            [
                1.5437152808741255
            ]
        ],
        [
            [
                0.026167193679590584
            ],
            [
                -0.05717322400684412
            ],
            [
                1.5503366100647695
            ]
        ],
        [
            [
                0.2987624238570045
            ],
            [
                -0.43829245318237225
            ],
            [
                1.5090741555092155
            ]
        ],
        [
            [
                0.17839384256603263
            ],
            [
                -0.05273745660017498
            ],
            [
                1.6768395607544413
            ]
        ],
        [
            [
                0.37624347991190243
            ],
            [
                0.2142692240441271
            ],
            [
                1.4552181478917499
            ]
        ],
        [
            [
                -0.03521016417448744
            ],
            [
                -0.09285438188971785
            ],
            [
                1.6715447156728516
            ]
        ],
        [
            [
                0.5768533956091818
            ],
            [
                0.23322702798623235
            ],
            [
                1.0281457073220635
            ]
        ],
        [
            [
                0.03251877620185093
            ],
            [
                -0.20874647270390861
            ],
            [
                1.6057810479608081
            ]
        ],
        [
            [
                0.17964181614213945
            ],
            [
                -0.3813610660213065
            ],
            [
                1.5685509350506146
            ]
        ],
        [
            [
                0.39037791309494896
            ],
            [
                -0.18660425697842872
            ],
            [
                1.6474285004203808
            ]
        ],
        [
            [
                0.31016443381895703
            ],
            [
                -0.36079441276615865
            ],
            [
                1.5636849590409148
            ]
        ],
        [
            [
                -0.16701567599019068
            ],
            [
                0.01580716786505973
            ],
            [
                1.5863676193362088
            ]
        ],
        [
            [
                -0.000294258218471042
            ],
            [
                -0.0630037533561368
            ],
            [
                1.5306767085944568
            ]
        ],
        [
            [
                0.08270635568696005
            ],
            [
                -0.1525151662069722
            ],
            [
                1.5846719765258264
            ]
        ],
        [
            [
                0.34714453825663427
            ],
            [
                0.031057213178060605
            ],
            [
                1.414535358189979
            ]
        ],
        [
            [
                0.26171129218760303
            ],
            [
                -0.42273547509828724
            ],
            [
                1.6116413161496779
            ]
        ],
        [
            [
                0.5293645191942683
            ],
            [
                -0.2179934862489297
            ],
            [
                1.508540742360449
            ]
        ],
        [
            [
                -0.09893519113120591
            ],
            [
                -0.40330326401751193
            ],
            [
                1.4420505028533355
            ]
        ],
        [
            [
                0.36325513839889756
            ],
            [
                0.15953541935537915
            ],
            [
                1.4503185005747288
            ]
        ],
        [
            [
                -0.16618005314890374
            ],
            [
                0.11284314306702561
            ],
            [
                1.5124215055321077
            ]
        ],
        [
            [
                0.013144827905986674
            ],
            [
                -0.33338334710850925
            ],
            [
                1.536504853390614
            ]
        ],
        [
            [
                -0.05823487538496125
            ],
            [
                -0.24045581768337157
            ],
            [
                1.499265067901573
            ]
        ],
        [
            [
                -0.20610852572722602
            ],
            [
                -0.10641811626835071
            ],
            [
                1.5325866365198664
            ]
        ],
        [
            [
                0.08431315405119988
            ],
            [
                -0.08924428458149854
            ],
            [
                1.6652742873557749
            ]
        ],
        [
            [
                -0.02404082051087695
            ],
            [
                -0.44299851556127867
            ],
            [
                1.5458547524043282
            ]
        ],
        [
            [
                -0.22851072924546967
            ],
            [
                0.1984186704773474
            ],
            [
                1.5348284192392396
            ]
        ],
        [
            [
                -0.007788569314021915
            ],
            [
                -0.023270130479490652
            ],
            [
                1.573049590369462
            ]
        ],
        [
            [
                0.32313182505243626
            ],
            [
