{
    "camera_matrix": [
        [
            2446.10984484517,
            0.0,
            2779.195772735285
        ],
        [
            0.0,
            2443.1366629540853,
            2452.576434344357
        ],
        [
            0.0,
            0.0,
            1.0
        ]
    ],
    "dist_coeff": [
        [
            -0.2610586635684949,
            0.10394011074009392,
            -0.0003413458618611431,
            -2.7265801914274434e-06,
            -0.023866747408824447
        ]
    ],
    "image_size": [
        5568,
        4872
    ],
    "rvecs": [
        [
            [
                0.13141275618769374
            ],
            [
                -0.22468975056369972
            ],
            [
                1.5812010658239521
            ]
        ],
        [
            [
                -0.024462689332800727
            ],
            [
                -0.16637390958832382
            ],
            [
                1.6069467913221136
            ]
        ],
        [
            [
                0.18826691233063653
            ],
            [
                -0.29665349654716155
            ],
            [
                1.5430251744913759
            ]
        ],
        [
            [
                -0.1237753341109552
            ],
            [
                0.010288355716915885
            ],
            [
                1.5812150416739632
            ]
        ],
        [
            [
                0.1409268610488637
            ],
            [
                -0.32968522500853037
            ],
            [
                1.5928785866979815
            ]
        ],
        [
            [
                -0.022743402034608732
            ],
            [
                -0.03768267429264735
            ],
            [
                1.5796913437995015
            ]
        ],
        [
            [
                0.03376276380066056
            ],
            [
                -0.09485920816295229
            ],
            [
                1.5647068689256465
            ]
        ],
        [
            [
                0.05936397840458064
            ],
            [
                -0.1636972480341247
            ],
            [
                1.5457114151747062
            ]
        ],
        [
            [
                0.04598392847091418
            ],
            [
                -0.5124300027152827
            ],
            [
                1.358395089520155
            ]
        ],
        [
            [
                0.5414915499800642
            ],
            [
                0.0412930794492691
            ],
            [
                1.655093167693359
            ]
        ],
        [
            [
                0.046531081177972625
            ],
            [
                -0.16038665221427267
            ],
            [
                1.5754301730859948
            ]
        ],
        [
            [
                0.04505862573492304
            ],
            [
                -0.30021196349888524
            ],
            [
                1.586033387398968
            ]
        ],
        [
            [
                -0.05239161385455112
            ],
            [
                -0.21195173260239045
            ],
            [
                1.5405002923854603
            ]
        ],
        [
            [
                -0.05816415886845475
            ],
            [
                -0.1569474199455028
            ],
            [
                1.5434760470245927
            ]
        ],
        [
            [
                -0.052264598999637285
            ],
            [
                -0.2577058553617133
            ],
            [
                1.5563279152502036
            ]
        ],
        [
            [
                0.056205727546314664
            ],
            [
                -0.21646096516970592
            ],
            [
                1.5681715025052136
            ]
        ],
        [
            [
                -0.013376471458437894
            ],
            [
                -0.004691005011154434
            ],
            [
                1.6027626972095024
            ]
        ],
        [
            [
                -0.2983507167955786
            ],
            [
                -0.08075310759076786
            ],
            [
                1.487806241482245
            ]
        ],
        [
            [
                -0.06455122584464801
            ],
            [
                -0.14766034659449775
            ],
            [
                1.6765416906029484
            ]
        ],
        [
            [
                0.04114863329062396
            ],
            [
                0.22338368709660283
            ],
            [
                1.5035259140866846
            ]
        ],
        [
            [
                0.09881090046498126
            ],
            [
                -0.3602729370362021
            ],
            [
                1.5301973589222966
            ]
        ],
        [
            [
                -0.06762444799890763
            ],
            [
                0.005427078670113725
            ],
            [
                1.5921762227375378
            ]
        ]
    ],