{
    "camera_matrix": [
        [
            635.2148922273848,
            0.0,
            359.6114973970615
        ],
        [
            0.0,
            634.9727570817016,
            251.2400694785659
        ],
        [
            0.0,
            0.0,
            1.0
        ]
    ],
    "dist_coeff": [
        [
            -0.9093387585212349,
            19.898501254395,
            0.001006512512864637,
            0.00013760645119805176,
            -86.46379569902224,
            -0.9443174939580803,
            20.0181915775074,
            -86.46832786529922,
            0.0,
            0.0,
            0.0,
            0.0,
            0.0,
            0.0
        ]
    ],
    "image_size": [
        720,
        480
    ],
    "rvecs": [
        [
            [
                0.329316881297202
            ],
            [
                -0.2716837053267605
            ],
            [
                -1.752611416511237
            ]
        ],
        [
            [
                0.5218537454185658
            ],
            [
                -0.0351516882446956
            ],
            [
                -1.862132910381999
            ]
        ],
        [
            [
                0.8102978170530376
            ],
            [
                0.29127476628574195
            ],
            [
                -1.3784185590895868
            ]
        ],
        [
            [
                0.22685197682185246
            ],
            [
                0.037313017660965446
            ],
            [
                -1.5792159288355883
            ]
        ],
        [
            [
                0.20800284970722557
            ],
            [
                -0.28409354101402523
            ],
            [
                -1.5765491568331658
            ]
        ],
        [
            [
                -0.33960110323668213
            ],
            [
                -0.02790908280811121
            ],
            [
                -1.6952323792055344
            ]
        ],
        [
            [
                0.7318782577787398
            ],
            [
                0.015181656105008184
            ],
            [
                -0.8269393170189463
            ]
        ],
        [
            [
                0.39714208897326614
            ],
            [
                -0.08319984821106469
            ],
            [
                -1.565661048869764
            ]
        ],
        [
            [
                0.11623325735667314
            ],
            [
                0.32864528851662467
            ],
            [
                -1.6537068172727112
            ]
        ],
        [
            [
                0.5463998231656981
            ],
            [
                1.0646802440173895
            ],
            [
                -1.3267583207057143
            ]
        ],
        [
            [
                -0.39522049976720086
            ],
            [
                0.5053235377749287
            ],
            [
                -1.504855555785582
            ]
        ],
        [
            [
                -0.5172986333884075
            ],
            [
                0.3778701846701729
            ],
            [
                -1.8288488766541748
            ]
        ],
        [
            [
                0.3070557264826
            ],
            [
                1.1128514101823674
            ],
            [
                -1.4395678079448904
            ]
        ],
        [
            [
                0.6705098441841847
            ],
            [
                -0.5566700998973971
            ],
            [
                -1.5294711638442045
            ]
        ],
        [
            [
                0.13255804551956218
            ],
            [
                0.6738499653285664
            ],
            [
                -1.486077760641856
            ]
        ],
        [
            [
                -0.35329564564753085
            ],
            [
                0.5292952217073136
            ],
            [
                -1.531328100778187
            ]
        ],
        [
            [
                0.628690740828632
            ],
            [
                0.21671786481401545
            ],
            [
                -1.4829931459263586
            ]
        ],
        [
            [
                -0.08440210146409129
            ],
            [
                -0.2841768901444002
            ],
            [
                -1.56890354738883
            ]
        ],
        [
            [
                -0.6167233474078357
            ],
            [
                0.23210065580202044
            ],
            [
                -1.8051784490565772
            ]
        ],
        [
            [
                0.02556140987855993
            ],
            [
                0.47318198827124575
            ],
            [
                -1.4781936771839561
            ]
        ],
        [
            [
                0.1613211653020353
            ],
            [
                0.19495555151933802
            ],
            [
                -1.5681034033528851
            ]
        ]
    ],