{"rvec": [[0.9848701268758606], [-1.3765318651220795], [1.5154928733691213]], "tvec": [[-97.18115440179517], [-29.21566346384823], [705.6396315119993]]}